unit,section,exerciseNo,sourceLabel,printedPageRange,pdfPageRange,audioTracks,answerAudit
1,Reading,1,Unit 1 – Reading – Ex 01,8-13,10-15,,pending per-question verification
1,Reading,2,Unit 1 – Reading – Ex 02,8-13,10-15,,pending per-question verification
1,Reading,3,Unit 1 – Reading – Ex 03,8-13,10-15,,pending per-question verification
1,Reading,4,Unit 1 – Reading – Ex 04,8-13,10-15,,pending per-question verification
1,Reading,5,Unit 1 – Reading – Ex 05,8-13,10-15,,pending per-question verification
1,Reading,6,Unit 1 – Reading – Ex 06,8-13,10-15,,pending per-question verification
1,Reading,7,Unit 1 – Reading – Ex 07,8-13,10-15,,pending per-question verification
1,Reading,8,Unit 1 – Reading – Ex 08,8-13,10-15,,pending per-question verification
1,Reading,9,Unit 1 – Reading – Ex 09,8-13,10-15,,pending per-question verification
1,Reading,10,Unit 1 – Reading – Ex 10,8-13,10-15,,pending per-question verification
1,Reading,11,Unit 1 – Reading – Ex 11,8-13,10-15,,pending per-question verification
1,Reading,12,Unit 1 – Reading – Ex 12,8-13,10-15,,pending per-question verification
1,Reading,13,Unit 1 – Reading – Ex 13,8-13,10-15,,pending per-question verification
1,Reading,14,Unit 1 – Reading – Ex 14,8-13,10-15,,pending per-question verification
1,Reading,15,Unit 1 – Reading – Ex 15,8-13,10-15,,pending per-question verification
1,Reading,16,Unit 1 – Reading – Ex 16,8-13,10-15,,pending per-question verification
1,Reading,17,Unit 1 – Reading – Ex 17,8-13,10-15,,pending per-question verification
1,Reading,18,Unit 1 – Reading – Ex 18,8-13,10-15,,pending per-question verification
1,Writing,1,Unit 1 – Writing – Ex 01,14-18,16-20,,pending per-question verification
1,Writing,2,Unit 1 – Writing – Ex 02,14-18,16-20,,pending per-question verification
1,Writing,3,Unit 1 – Writing – Ex 03,14-18,16-20,,pending per-question verification
1,Writing,4,Unit 1 – Writing – Ex 04,14-18,16-20,,pending per-question verification
1,Writing,5,Unit 1 – Writing – Ex 05,14-18,16-20,,pending per-question verification
1,Writing,6,Unit 1 – Writing – Ex 06,14-18,16-20,,pending per-question verification
1,Writing,7,Unit 1 – Writing – Ex 07,14-18,16-20,,pending per-question verification
1,Writing,8,Unit 1 – Writing – Ex 08,14-18,16-20,,pending per-question verification
1,Writing,9,Unit 1 – Writing – Ex 09,14-18,16-20,,pending per-question verification
1,Writing,10,Unit 1 – Writing – Ex 10,14-18,16-20,,pending per-question verification
1,Writing,11,Unit 1 – Writing – Ex 11,14-18,16-20,,pending per-question verification
1,Listening,1,Unit 1 – Listening – Ex 01,19-24,21-26,,pending per-question verification
1,Listening,2,Unit 1 – Listening – Ex 02,19-24,21-26,,pending per-question verification
1,Listening,3,Unit 1 – Listening – Ex 03,19-24,21-26,,pending per-question verification
1,Listening,4,Unit 1 – Listening – Ex 04,19-24,21-26,02,pending per-question verification
1,Listening,5,Unit 1 – Listening – Ex 05,19-24,21-26,02,pending per-question verification
1,Listening,6,Unit 1 – Listening – Ex 06,19-24,21-26,,pending per-question verification
1,Listening,7,Unit 1 – Listening – Ex 07,19-24,21-26,03,pending per-question verification
1,Listening,8,Unit 1 – Listening – Ex 08,19-24,21-26,,pending per-question verification
1,Listening,9,Unit 1 – Listening – Ex 09,19-24,21-26,,pending per-question verification
1,Listening,10,Unit 1 – Listening – Ex 10,19-24,21-26,04,pending per-question verification
1,Listening,11,Unit 1 – Listening – Ex 11,19-24,21-26,04,pending per-question verification
1,Listening,12,Unit 1 – Listening – Ex 12,19-24,21-26,,pending per-question verification
1,Listening,13,Unit 1 – Listening – Ex 13,19-24,21-26,,pending per-question verification
1,Listening,14,Unit 1 – Listening – Ex 14,19-24,21-26,,pending per-question verification
1,Listening,15,Unit 1 – Listening – Ex 15,19-24,21-26,,pending per-question verification
1,Listening,16,Unit 1 – Listening – Ex 16,19-24,21-26,05,pending per-question verification
1,Speaking,1,Unit 1 – Speaking – Ex 01,25-29,27-31,,pending per-question verification
1,Speaking,2,Unit 1 – Speaking – Ex 02,25-29,27-31,,pending per-question verification
1,Speaking,3,Unit 1 – Speaking – Ex 03,25-29,27-31,,pending per-question verification
1,Speaking,4,Unit 1 – Speaking – Ex 04,25-29,27-31,06,pending per-question verification
1,Speaking,5,Unit 1 – Speaking – Ex 05,25-29,27-31,07,pending per-question verification
1,Speaking,6,Unit 1 – Speaking – Ex 06,25-29,27-31,07,pending per-question verification
1,Speaking,7,Unit 1 – Speaking – Ex 07,25-29,27-31,08,pending per-question verification
1,Speaking,8,Unit 1 – Speaking – Ex 08,25-29,27-31,,pending per-question verification
1,Speaking,9,Unit 1 – Speaking – Ex 09,25-29,27-31,,pending per-question verification
1,Speaking,10,Unit 1 – Speaking – Ex 10,25-29,27-31,08,pending per-question verification
1,Speaking,11,Unit 1 – Speaking – Ex 11,25-29,27-31,,pending per-question verification
1,Speaking,12,Unit 1 – Speaking – Ex 12,25-29,27-31,09,pending per-question verification
1,Speaking,13,Unit 1 – Speaking – Ex 13,25-29,27-31,,pending per-question verification
1,Speaking,14,Unit 1 – Speaking – Ex 14,25-29,27-31,09,pending per-question verification
1,Speaking,15,Unit 1 – Speaking – Ex 15,25-29,27-31,09,pending per-question verification
1,Speaking,16,Unit 1 – Speaking – Ex 16,25-29,27-31,,pending per-question verification
1,Speaking,17,Unit 1 – Speaking – Ex 17,25-29,27-31,,pending per-question verification
1,Speaking,18,Unit 1 – Speaking – Ex 18,25-29,27-31,,pending per-question verification
2,Reading,1,Unit 2 – Reading – Ex 01,30-37,32-39,,pending per-question verification
2,Reading,2,Unit 2 – Reading – Ex 02,30-37,32-39,,pending per-question verification
2,Reading,3,Unit 2 – Reading – Ex 03,30-37,32-39,,pending per-question verification
2,Reading,4,Unit 2 – Reading – Ex 04,30-37,32-39,,pending per-question verification
2,Reading,5,Unit 2 – Reading – Ex 05,30-37,32-39,,pending per-question verification
2,Reading,6,Unit 2 – Reading – Ex 06,30-37,32-39,,pending per-question verification
2,Reading,7,Unit 2 – Reading – Ex 07,30-37,32-39,,pending per-question verification
2,Reading,8,Unit 2 – Reading – Ex 08,30-37,32-39,,pending per-question verification
2,Reading,9,Unit 2 – Reading – Ex 09,30-37,32-39,,pending per-question verification
2,Reading,10,Unit 2 – Reading – Ex 10,30-37,32-39,,pending per-question verification
2,Reading,11,Unit 2 – Reading – Ex 11,30-37,32-39,,pending per-question verification
2,Reading,12,Unit 2 – Reading – Ex 12,30-37,32-39,,pending per-question verification
2,Reading,13,Unit 2 – Reading – Ex 13,30-37,32-39,,pending per-question verification
2,Reading,14,Unit 2 – Reading – Ex 14,30-37,32-39,,pending per-question verification
2,Reading,15,Unit 2 – Reading – Ex 15,30-37,32-39,,pending per-question verification
2,Reading,16,Unit 2 – Reading – Ex 16,30-37,32-39,,pending per-question verification
2,Reading,17,Unit 2 – Reading – Ex 17,30-37,32-39,,pending per-question verification
2,Writing,1,Unit 2 – Writing – Ex 01,38-41,40-43,,pending per-question verification
2,Writing,2,Unit 2 – Writing – Ex 02,38-41,40-43,,pending per-question verification
2,Writing,3,Unit 2 – Writing – Ex 03,38-41,40-43,,pending per-question verification
2,Writing,4,Unit 2 – Writing – Ex 04,38-41,40-43,,pending per-question verification
2,Writing,5,Unit 2 – Writing – Ex 05,38-41,40-43,,pending per-question verification
2,Writing,6,Unit 2 – Writing – Ex 06,38-41,40-43,,pending per-question verification
2,Writing,7,Unit 2 – Writing – Ex 07,38-41,40-43,,pending per-question verification
2,Writing,8,Unit 2 – Writing – Ex 08,38-41,40-43,,pending per-question verification
2,Writing,9,Unit 2 – Writing – Ex 09,38-41,40-43,,pending per-question verification
2,Writing,10,Unit 2 – Writing – Ex 10,38-41,40-43,,pending per-question verification
2,Writing,11,Unit 2 – Writing – Ex 11,38-41,40-43,,pending per-question verification
2,Writing,12,Unit 2 – Writing – Ex 12,38-41,40-43,,pending per-question verification
2,Listening,1,Unit 2 – Listening – Ex 01,42-46,44-48,,pending per-question verification
2,Listening,2,Unit 2 – Listening – Ex 02,42-46,44-48,,pending per-question verification
2,Listening,3,Unit 2 – Listening – Ex 03,42-46,44-48,,pending per-question verification
2,Listening,4,Unit 2 – Listening – Ex 04,42-46,44-48,,pending per-question verification
2,Listening,5,Unit 2 – Listening – Ex 05,42-46,44-48,,pending per-question verification
2,Listening,6,Unit 2 – Listening – Ex 06,42-46,44-48,10,pending per-question verification
2,Listening,7,Unit 2 – Listening – Ex 07,42-46,44-48,,pending per-question verification
2,Listening,8,Unit 2 – Listening – Ex 08,42-46,44-48,11,pending per-question verification
2,Listening,9,Unit 2 – Listening – Ex 09,42-46,44-48,,pending per-question verification
2,Listening,10,Unit 2 – Listening – Ex 10,42-46,44-48,,pending per-question verification
2,Listening,11,Unit 2 – Listening – Ex 11,42-46,44-48,,pending per-question verification
2,Listening,12,Unit 2 – Listening – Ex 12,42-46,44-48,,pending per-question verification
2,Listening,13,Unit 2 – Listening – Ex 13,42-46,44-48,12,pending per-question verification
2,Listening,14,Unit 2 – Listening – Ex 14,42-46,44-48,13,pending per-question verification
2,Speaking,1,Unit 2 – Speaking – Ex 01,47-51,49-53,,pending per-question verification
2,Speaking,2,Unit 2 – Speaking – Ex 02,47-51,49-53,,pending per-question verification
2,Speaking,3,Unit 2 – Speaking – Ex 03,47-51,49-53,14,pending per-question verification
2,Speaking,4,Unit 2 – Speaking – Ex 04,47-51,49-53,,pending per-question verification
2,Speaking,5,Unit 2 – Speaking – Ex 05,47-51,49-53,15,pending per-question verification
2,Speaking,6,Unit 2 – Speaking – Ex 06,47-51,49-53,16,pending per-question verification
2,Speaking,7,Unit 2 – Speaking – Ex 07,47-51,49-53,,pending per-question verification
2,Speaking,8,Unit 2 – Speaking – Ex 08,47-51,49-53,17,pending per-question verification
2,Speaking,9,Unit 2 – Speaking – Ex 09,47-51,49-53,,pending per-question verification
2,Speaking,10,Unit 2 – Speaking – Ex 10,47-51,49-53,,pending per-question verification
2,Speaking,11,Unit 2 – Speaking – Ex 11,47-51,49-53,,pending per-question verification
2,Speaking,12,Unit 2 – Speaking – Ex 12,47-51,49-53,,pending per-question verification
3,Reading,1,Unit 3 – Reading – Ex 01,52-58,54-60,,pending per-question verification
3,Reading,2,Unit 3 – Reading – Ex 02,52-58,54-60,,pending per-question verification
3,Reading,3,Unit 3 – Reading – Ex 03,52-58,54-60,,pending per-question verification
3,Reading,4,Unit 3 – Reading – Ex 04,52-58,54-60,,pending per-question verification
3,Reading,5,Unit 3 – Reading – Ex 05,52-58,54-60,,pending per-question verification
3,Reading,6,Unit 3 – Reading – Ex 06,52-58,54-60,,pending per-question verification
3,Reading,7,Unit 3 – Reading – Ex 07,52-58,54-60,,pending per-question verification
3,Reading,8,Unit 3 – Reading – Ex 08,52-58,54-60,,pending per-question verification
3,Reading,9,Unit 3 – Reading – Ex 09,52-58,54-60,,pending per-question verification
3,Reading,10,Unit 3 – Reading – Ex 10,52-58,54-60,,pending per-question verification
3,Reading,11,Unit 3 – Reading – Ex 11,52-58,54-60,,pending per-question verification
3,Reading,12,Unit 3 – Reading – Ex 12,52-58,54-60,,pending per-question verification
3,Reading,13,Unit 3 – Reading – Ex 13,52-58,54-60,,pending per-question verification
3,Reading,14,Unit 3 – Reading – Ex 14,52-58,54-60,,pending per-question verification
3,Reading,15,Unit 3 – Reading – Ex 15,52-58,54-60,,pending per-question verification
3,Reading,16,Unit 3 – Reading – Ex 16,52-58,54-60,,pending per-question verification
3,Writing,1,Unit 3 – Writing – Ex 01,59-64,61-66,,pending per-question verification
3,Writing,2,Unit 3 – Writing – Ex 02,59-64,61-66,,pending per-question verification
3,Writing,3,Unit 3 – Writing – Ex 03,59-64,61-66,,pending per-question verification
3,Writing,4,Unit 3 – Writing – Ex 04,59-64,61-66,,pending per-question verification
3,Writing,5,Unit 3 – Writing – Ex 05,59-64,61-66,,pending per-question verification
3,Writing,6,Unit 3 – Writing – Ex 06,59-64,61-66,,pending per-question verification
3,Writing,7,Unit 3 – Writing – Ex 07,59-64,61-66,,pending per-question verification
3,Writing,8,Unit 3 – Writing – Ex 08,59-64,61-66,,pending per-question verification
3,Writing,9,Unit 3 – Writing – Ex 09,59-64,61-66,,pending per-question verification
3,Writing,10,Unit 3 – Writing – Ex 10,59-64,61-66,,pending per-question verification
3,Writing,11,Unit 3 – Writing – Ex 11,59-64,61-66,,pending per-question verification
3,Writing,12,Unit 3 – Writing – Ex 12,59-64,61-66,,pending per-question verification
3,Writing,13,Unit 3 – Writing – Ex 13,59-64,61-66,,pending per-question verification
3,Writing,14,Unit 3 – Writing – Ex 14,59-64,61-66,,pending per-question verification
3,Writing,15,Unit 3 – Writing – Ex 15,59-64,61-66,,pending per-question verification
3,Writing,16,Unit 3 – Writing – Ex 16,59-64,61-66,,pending per-question verification
3,Listening,1,Unit 3 – Listening – Ex 01,65-68,67-70,,pending per-question verification
3,Listening,2,Unit 3 – Listening – Ex 02,65-68,67-70,,pending per-question verification
3,Listening,3,Unit 3 – Listening – Ex 03,65-68,67-70,,pending per-question verification
3,Listening,4,Unit 3 – Listening – Ex 04,65-68,67-70,,pending per-question verification
3,Listening,5,Unit 3 – Listening – Ex 05,65-68,67-70,18,pending per-question verification
3,Listening,6,Unit 3 – Listening – Ex 06,65-68,67-70,19,pending per-question verification
3,Listening,7,Unit 3 – Listening – Ex 07,65-68,67-70,19,pending per-question verification
3,Listening,8,Unit 3 – Listening – Ex 08,65-68,67-70,20,pending per-question verification
3,Listening,9,Unit 3 – Listening – Ex 09,65-68,67-70,21,pending per-question verification
3,Listening,10,Unit 3 – Listening – Ex 10,65-68,67-70,21,pending per-question verification
3,Listening,11,Unit 3 – Listening – Ex 11,65-68,67-70,22,pending per-question verification
3,Listening,12,Unit 3 – Listening – Ex 12,65-68,67-70,22,pending per-question verification
3,Listening,13,Unit 3 – Listening – Ex 13,65-68,67-70,23,pending per-question verification
3,Listening,14,Unit 3 – Listening – Ex 14,65-68,67-70,,pending per-question verification
3,Listening,15,Unit 3 – Listening – Ex 15,65-68,67-70,24,pending per-question verification
3,Speaking,1,Unit 3 – Speaking – Ex 01,69-72,71-74,,pending per-question verification
3,Speaking,2,Unit 3 – Speaking – Ex 02,69-72,71-74,,pending per-question verification
3,Speaking,3,Unit 3 – Speaking – Ex 03,69-72,71-74,,pending per-question verification
3,Speaking,4,Unit 3 – Speaking – Ex 04,69-72,71-74,25,pending per-question verification
3,Speaking,5,Unit 3 – Speaking – Ex 05,69-72,71-74,,pending per-question verification
3,Speaking,6,Unit 3 – Speaking – Ex 06,69-72,71-74,,pending per-question verification
3,Speaking,7,Unit 3 – Speaking – Ex 07,69-72,71-74,,pending per-question verification
3,Speaking,8,Unit 3 – Speaking – Ex 08,69-72,71-74,,pending per-question verification
3,Speaking,9,Unit 3 – Speaking – Ex 09,69-72,71-74,,pending per-question verification
3,Speaking,10,Unit 3 – Speaking – Ex 10,69-72,71-74,,pending per-question verification
3,Speaking,11,Unit 3 – Speaking – Ex 11,69-72,71-74,,pending per-question verification
3,Speaking,12,Unit 3 – Speaking – Ex 12,69-72,71-74,,pending per-question verification
3,Speaking,13,Unit 3 – Speaking – Ex 13,69-72,71-74,26,pending per-question verification
3,Speaking,14,Unit 3 – Speaking – Ex 14,69-72,71-74,26,pending per-question verification
3,Speaking,15,Unit 3 – Speaking – Ex 15,69-72,71-74,,pending per-question verification
3,Speaking,16,Unit 3 – Speaking – Ex 16,69-72,71-74,,pending per-question verification
3,Speaking,17,Unit 3 – Speaking – Ex 17,69-72,71-74,,pending per-question verification
4,Reading,1,Unit 4 – Reading – Ex 01,73-78,75-80,,pending per-question verification
4,Reading,2,Unit 4 – Reading – Ex 02,73-78,75-80,,pending per-question verification
4,Reading,3,Unit 4 – Reading – Ex 03,73-78,75-80,,pending per-question verification
4,Reading,4,Unit 4 – Reading – Ex 04,73-78,75-80,,pending per-question verification
4,Reading,5,Unit 4 – Reading – Ex 05,73-78,75-80,,pending per-question verification
4,Reading,6,Unit 4 – Reading – Ex 06,73-78,75-80,,pending per-question verification
4,Reading,7,Unit 4 – Reading – Ex 07,73-78,75-80,,pending per-question verification
4,Reading,8,Unit 4 – Reading – Ex 08,73-78,75-80,,pending per-question verification
4,Reading,9,Unit 4 – Reading – Ex 09,73-78,75-80,,pending per-question verification
4,Reading,10,Unit 4 – Reading – Ex 10,73-78,75-80,,pending per-question verification
4,Reading,11,Unit 4 – Reading – Ex 11,73-78,75-80,,pending per-question verification
4,Reading,12,Unit 4 – Reading – Ex 12,73-78,75-80,,pending per-question verification
4,Reading,13,Unit 4 – Reading – Ex 13,73-78,75-80,,pending per-question verification
4,Writing,1,Unit 4 – Writing – Ex 01,79-83,81-85,,pending per-question verification
4,Writing,2,Unit 4 – Writing – Ex 02,79-83,81-85,,pending per-question verification
4,Writing,3,Unit 4 – Writing – Ex 03,79-83,81-85,,pending per-question verification
4,Writing,4,Unit 4 – Writing – Ex 04,79-83,81-85,,pending per-question verification
4,Writing,5,Unit 4 – Writing – Ex 05,79-83,81-85,,pending per-question verification
4,Writing,6,Unit 4 – Writing – Ex 06,79-83,81-85,,pending per-question verification
4,Writing,7,Unit 4 – Writing – Ex 07,79-83,81-85,,pending per-question verification
4,Writing,8,Unit 4 – Writing – Ex 08,79-83,81-85,,pending per-question verification
4,Writing,9,Unit 4 – Writing – Ex 09,79-83,81-85,,pending per-question verification
4,Writing,10,Unit 4 – Writing – Ex 10,79-83,81-85,,pending per-question verification
4,Writing,11,Unit 4 – Writing – Ex 11,79-83,81-85,,pending per-question verification
4,Writing,12,Unit 4 – Writing – Ex 12,79-83,81-85,,pending per-question verification
4,Writing,13,Unit 4 – Writing – Ex 13,79-83,81-85,,pending per-question verification
4,Writing,14,Unit 4 – Writing – Ex 14,79-83,81-85,,pending per-question verification
4,Listening,1,Unit 4 – Listening – Ex 01,84-87,86-89,,pending per-question verification
4,Listening,2,Unit 4 – Listening – Ex 02,84-87,86-89,,pending per-question verification
4,Listening,3,Unit 4 – Listening – Ex 03,84-87,86-89,,pending per-question verification
4,Listening,4,Unit 4 – Listening – Ex 04,84-87,86-89,,pending per-question verification
4,Listening,5,Unit 4 – Listening – Ex 05,84-87,86-89,,pending per-question verification
4,Listening,6,Unit 4 – Listening – Ex 06,84-87,86-89,27,pending per-question verification
4,Listening,7,Unit 4 – Listening – Ex 07,84-87,86-89,,pending per-question verification
4,Listening,8,Unit 4 – Listening – Ex 08,84-87,86-89,28,pending per-question verification
4,Listening,9,Unit 4 – Listening – Ex 09,84-87,86-89,,pending per-question verification
4,Listening,10,Unit 4 – Listening – Ex 10,84-87,86-89,29,pending per-question verification
4,Listening,11,Unit 4 – Listening – Ex 11,84-87,86-89,,pending per-question verification
4,Listening,12,Unit 4 – Listening – Ex 12,84-87,86-89,30,pending per-question verification
4,Speaking,1,Unit 4 – Speaking – Ex 01,88-92,90-94,,pending per-question verification
4,Speaking,2,Unit 4 – Speaking – Ex 02,88-92,90-94,31,pending per-question verification
4,Speaking,3,Unit 4 – Speaking – Ex 03,88-92,90-94,31,pending per-question verification
4,Speaking,4,Unit 4 – Speaking – Ex 04,88-92,90-94,32,pending per-question verification
4,Speaking,5,Unit 4 – Speaking – Ex 05,88-92,90-94,,pending per-question verification
4,Speaking,6,Unit 4 – Speaking – Ex 06,88-92,90-94,33,pending per-question verification
4,Speaking,7,Unit 4 – Speaking – Ex 07,88-92,90-94,,pending per-question verification
4,Speaking,8,Unit 4 – Speaking – Ex 08,88-92,90-94,,pending per-question verification
4,Speaking,9,Unit 4 – Speaking – Ex 09,88-92,90-94,,pending per-question verification
4,Speaking,10,Unit 4 – Speaking – Ex 10,88-92,90-94,,pending per-question verification
4,Speaking,11,Unit 4 – Speaking – Ex 11,88-92,90-94,,pending per-question verification
4,Speaking,12,Unit 4 – Speaking – Ex 12,88-92,90-94,34,pending per-question verification
4,Speaking,13,Unit 4 – Speaking – Ex 13,88-92,90-94,,pending per-question verification
4,Speaking,14,Unit 4 – Speaking – Ex 14,88-92,90-94,,pending per-question verification
5,Reading,1,Unit 5 – Reading – Ex 01,93-99,95-101,,pending per-question verification
5,Reading,2,Unit 5 – Reading – Ex 02,93-99,95-101,,pending per-question verification
5,Reading,3,Unit 5 – Reading – Ex 03,93-99,95-101,,pending per-question verification
5,Reading,4,Unit 5 – Reading – Ex 04,93-99,95-101,,pending per-question verification
5,Reading,5,Unit 5 – Reading – Ex 05,93-99,95-101,,pending per-question verification
5,Reading,6,Unit 5 – Reading – Ex 06,93-99,95-101,,pending per-question verification
5,Reading,7,Unit 5 – Reading – Ex 07,93-99,95-101,,pending per-question verification
5,Reading,8,Unit 5 – Reading – Ex 08,93-99,95-101,,pending per-question verification
5,Reading,9,Unit 5 – Reading – Ex 09,93-99,95-101,,pending per-question verification
5,Reading,10,Unit 5 – Reading – Ex 10,93-99,95-101,,pending per-question verification
5,Reading,11,Unit 5 – Reading – Ex 11,93-99,95-101,,pending per-question verification
5,Reading,12,Unit 5 – Reading – Ex 12,93-99,95-101,,pending per-question verification
5,Reading,13,Unit 5 – Reading – Ex 13,93-99,95-101,,pending per-question verification
5,Reading,14,Unit 5 – Reading – Ex 14,93-99,95-101,,pending per-question verification
5,Reading,15,Unit 5 – Reading – Ex 15,93-99,95-101,,pending per-question verification
5,Reading,16,Unit 5 – Reading – Ex 16,93-99,95-101,,pending per-question verification
5,Writing,1,Unit 5 – Writing – Ex 01,100-104,102-106,,pending per-question verification
5,Writing,2,Unit 5 – Writing – Ex 02,100-104,102-106,,pending per-question verification
5,Writing,3,Unit 5 – Writing – Ex 03,100-104,102-106,,pending per-question verification
5,Writing,4,Unit 5 – Writing – Ex 04,100-104,102-106,,pending per-question verification
5,Writing,5,Unit 5 – Writing – Ex 05,100-104,102-106,,pending per-question verification
5,Writing,6,Unit 5 – Writing – Ex 06,100-104,102-106,,pending per-question verification
5,Writing,7,Unit 5 – Writing – Ex 07,100-104,102-106,,pending per-question verification
5,Writing,8,Unit 5 – Writing – Ex 08,100-104,102-106,,pending per-question verification
5,Writing,9,Unit 5 – Writing – Ex 09,100-104,102-106,,pending per-question verification
5,Writing,10,Unit 5 – Writing – Ex 10,100-104,102-106,,pending per-question verification
5,Writing,11,Unit 5 – Writing – Ex 11,100-104,102-106,,pending per-question verification
5,Listening,1,Unit 5 – Listening – Ex 01,105-109,107-111,,pending per-question verification
5,Listening,2,Unit 5 – Listening – Ex 02,105-109,107-111,35,pending per-question verification
5,Listening,3,Unit 5 – Listening – Ex 03,105-109,107-111,,pending per-question verification
5,Listening,4,Unit 5 – Listening – Ex 04,105-109,107-111,36,pending per-question verification
5,Listening,5,Unit 5 – Listening – Ex 05,105-109,107-111,,pending per-question verification
5,Listening,6,Unit 5 – Listening – Ex 06,105-109,107-111,37,pending per-question verification
5,Listening,7,Unit 5 – Listening – Ex 07,105-109,107-111,38,pending per-question verification
5,Listening,8,Unit 5 – Listening – Ex 08,105-109,107-111,,pending per-question verification
5,Listening,9,Unit 5 – Listening – Ex 09,105-109,107-111,,pending per-question verification
5,Listening,10,Unit 5 – Listening – Ex 10,105-109,107-111,39,pending per-question verification
5,Listening,11,Unit 5 – Listening – Ex 11,105-109,107-111,,pending per-question verification
5,Listening,12,Unit 5 – Listening – Ex 12,105-109,107-111,40,pending per-question verification
5,Listening,13,Unit 5 – Listening – Ex 13,105-109,107-111,41,pending per-question verification
5,Speaking,1,Unit 5 – Speaking – Ex 01,110-113,112-115,,pending per-question verification
5,Speaking,2,Unit 5 – Speaking – Ex 02,110-113,112-115,,pending per-question verification
5,Speaking,3,Unit 5 – Speaking – Ex 03,110-113,112-115,,pending per-question verification
5,Speaking,4,Unit 5 – Speaking – Ex 04,110-113,112-115,42,pending per-question verification
5,Speaking,5,Unit 5 – Speaking – Ex 05,110-113,112-115,42,pending per-question verification
5,Speaking,6,Unit 5 – Speaking – Ex 06,110-113,112-115,,pending per-question verification
5,Speaking,7,Unit 5 – Speaking – Ex 07,110-113,112-115,43,pending per-question verification
5,Speaking,8,Unit 5 – Speaking – Ex 08,110-113,112-115,44,pending per-question verification
5,Speaking,9,Unit 5 – Speaking – Ex 09,110-113,112-115,44,pending per-question verification
5,Speaking,10,Unit 5 – Speaking – Ex 10,110-113,112-115,,pending per-question verification
5,Speaking,11,Unit 5 – Speaking – Ex 11,110-113,112-115,,pending per-question verification
5,Speaking,12,Unit 5 – Speaking – Ex 12,110-113,112-115,,pending per-question verification
5,Speaking,13,Unit 5 – Speaking – Ex 13,110-113,112-115,,pending per-question verification
5,Speaking,14,Unit 5 – Speaking – Ex 14,110-113,112-115,,pending per-question verification
